rank,title,videoId,views,duration,seconds,isShort,collected_at
1,[MV] ABM - &#39;ヤラララ&#39; (YARARARA) feat. 重音テト,T24rF_x0TmQ,60002678,PT2M37S,157,False,2026-10-04 03:47:18
2,ヤラララ | OC | #alightmotion #oc #animationmeme,3XVwpngp7JY,15941900,PT16S,16,True,2026-10-04 03:47:18
3,ヤラララ(YARARARA)を合成音声たちに歌ってもらった 【ミクずん可不ユキネルウナテト】,HNZVfnP9Wno,7914903,PT16S,16,True,2026-10-04 03:47:18
4,ヤラララ(YARARARA)を合成音声たちに歌ってもらった    #ヤラララ 【ミクテトTT可不デフォYiXi IA】,uUMy8G0sWkY,6894472,PT16S,16,True,2026-10-04 03:47:18
5,【ヤラララ】 ファンアニメ描いてみた❤️✨ #ボカロ #重音テト #ヤラララ #teto  #手書きアニメ#yararara,paD1k3nyLr0,6686928,PT24S,24,True,2026-10-04 03:47:18
6,【ヤラララ】テトの怖い夜🔻👻🔻#手書きアニメ  #ボカロ #ヤラララ #重音テト,hKjJU5vB4m8,6085873,PT24S,24,True,2026-10-04 03:47:18
7,ヤラララ(YARARARA)を合成音声たちに歌ってもらった   #ヤラララ 【KAITOテトレンレイルコflowerルカ】,OjtSvIw-LdI,5432081,PT16S,16,True,2026-10-04 03:47:18
8,ｽﾋﾟｷのﾎﾊﾞｷﾞがヤバババ（「ヤラララ／YARARARA」Cover）,ySWl_bS-iIc,5042022,PT10S,10,True,2026-10-04 03:47:18
9,ヤラララ(YARARARA)をいろいろな声でミクとテトに歌ってもらった　【ネギドリル】,VgXfOnvgPqQ,4956203,PT16S,16,True,2026-10-04 03:47:18
10,偽物の善逸を見分けるゲーム#鬼滅の刃#ねんどろいど#コマ撮り#禰豆子#善逸#ヤラララ,Zqr17uLn9x8,4867632,PT16S,16,True,2026-10-04 03:47:18
11,ヤラララ(YARARARA)を合成音声たちに歌ってもらった  #ヤラララ 【テト雨衣KAITOウナリンMEIKOGUMI】,_BKzh7n8lE4,4184556,PT16S,16,True,2026-10-04 03:47:18
12,ヤラララ(ラスサビ前)feat.重音テト-AnythingBecomeMoe#shorts,Sp-nlAmAziE,3948193,PT22S,22,True,2026-10-04 03:47:18
13,トイレ我慢できない女 #ヤラララ #yararara #ネタ,5jvAiAcxiq4,3626756,PT22S,22,True,2026-10-04 03:47:18
14,継国縁壱&#39;ヤラララ&#39; (YARARARA)#鬼滅の刃#ねんどろいど#コマ撮り#禰豆子#善逸#継国縁壱#ヤラララ#yararara,MDDmlIualOo,3187047,PT17S,17,True,2026-10-04 03:47:18
15,【以心伝心】新人歌い手グループが『ヤラララ』を本気で歌ってみたら...【EL6】,xJQ6KrmdpD0,2849125,PT2M37S,157,False,2026-10-04 03:47:18
16,네가 정상이라고 생각해? | 야라라라 [ ヤラララ _ YARARARA ] _ ABM ( 뭐든지모에화 AnythingBecomeMoe ) #重音テト #kasaneteto #teto,_UnFGS-mBUs,2814330,PT32S,32,True,2026-10-04 03:47:18
17,ヤラララ重音テトの描き方！ How to draw Teto #yararara,i5UyVXiTIq0,2738488,PT28S,28,True,2026-10-04 03:47:18
18,ヤラララ(YARARARA)を合成音声たちに歌ってもらった #ヤラララ 【ルコミク花9z YiXiテトヒメ】,4cnZIJEsSLA,2738270,PT16S,16,True,2026-10-04 03:47:18
19,3人でお出かけ【ヤラララ】 #創作,sY3SyeNb814,2488392,PT16S,16,True,2026-10-04 03:47:18
20,ヤラララ,26bAQQBKDdY,2432026,PT31S,31,True,2026-10-04 03:47:18
21,ヤラララ(YARARARA)を合成音声たちに歌ってもらった   #ヤラララ 【ミクテトずんユキモモYiXi花隈】,a2JCLKS8Ito,2371040,PT16S,16,True,2026-10-04 03:47:18
22,#初音ミク #重音テト #足立レイ #亞北ネル #ヤラララ #utau #ボカロ     【ゾンビに囚われたテトを救え‼︎】,HLhSn-r3TlE,2367064,PT25S,25,True,2026-10-04 03:47:18
23,ヤラララ IF ミク #ボカロ ＃初音ミク ＃重音テト,hwQtt-atwXE,2257134,PT16S,16,True,2026-10-04 03:47:18
24,[Emoji] YARARARA ヤラララ (FULL),S2-y3olnmdw,2239735,PT2M36S,156,False,2026-10-04 03:47:18
25,3人の本気ハモリで「 #ヤラララ 」歌ったら、美し過ぎたWWW #アカペラ   #shorts,YTh1L0Ge2dQ,2085771,PT18S,18,True,2026-10-04 03:47:18
26,&#39;ヤラララ&#39; (YARARARA)【小廻こま/ミリプロ】#歌ってみた #VTuber,OPECaUDSCpA,2082508,PT33S,33,True,2026-10-04 03:47:18
27,YARARARA (Ft. Hatsune Miku),1MGImI9JZU4,2027954,PT1M52S,112,False,2026-10-04 03:47:18
28,【Miku ver.】 ヤラララ・ファンアニメ🩵✨ #hatsunemiku #yararara #初音ミク #ボカロ #vocaloid #重音テト,JQVl59EOpxk,1974500,PT27S,27,True,2026-10-04 03:47:18
29,【どの声が好き？】ヤラララ、色んなキャラで歌ってみた【あくび・でもんすぺーど】,FqxVswlmC-o,1848354,PT15S,15,True,2026-10-04 03:47:18
30,YARARARA &#39;Kasane Teto&#39; Clay figures~!!! \(`•ω•´)/#yararara #teto,fmkBuW8rvTk,1829053,PT1M,60,True,2026-10-04 03:47:18
31,ヤラララ【どの低音ボイスが好き？】 #初音ミク #重音テト #vocaloid #hatsunemiku,SDk5w-XCzmI,1828237,PT23S,23,True,2026-10-04 03:47:18
32,&#39;ヤラララ&#39; (YARARARA) ／Cover -しゆん×ばぁう,pRy8kStWlAw,1717101,PT2M37S,157,False,2026-10-04 03:47:18
33,クソ雑魚エイム#ヤラララ #重音テト #初音ミク #ネタ　#ABM #yararara,OATFwPzWbLY,1706715,PT12S,12,True,2026-10-04 03:47:18
34,#ヤラララ のアニメ映像つくってみた #AnythingBecomeMoe #重音テト #ボカロ #vocaloid #初音ミク #aiアニメ,8ztrPuL_sr8,1681003,PT12S,12,True,2026-10-04 03:47:18
35,ヤラララ【誰の歌声が好き？】 #初音ミク #重音テト #vocaloid #hatsunemiku,1AAGFh5GmPE,1588531,PT24S,24,True,2026-10-04 03:47:18
36,㊗️120万🎉人が現れる度に少しずつ加速する『ヤラララ』→開始10秒でいきなり早くなったww,-KibJK7JgnI,1573568,PT56S,56,True,2026-10-04 03:47:18
37,ヤラララ重音テト！どっちが好き？ #つっしーの筆,lx29wUztzbA,1546140,PT26S,26,True,2026-10-04 03:47:18
38,【新人歌い手グループ】本気の以心伝心で『ヤラララ』を歌ってみたら... #ヤラララ #el6,hrB9ey3GtAg,1434150,PT17S,17,True,2026-10-04 03:47:18
39,『トモダチコレクションわくわく生活』ヤラララ(YARARARA)重音テト #トモコレ #トモダチコレクション #ヤラララ #shorts,R2zQeK-ExYA,1424373,PT1M1S,61,False,2026-10-04 03:47:18
40,【新人歌い手グループ】が『ヤラララ』をリレー形式で歌ってみたら... #エビモエ #ヤラララ #el6,BjuhHNr8fRI,1397724,PT17S,17,True,2026-10-04 03:47:18
41,「ヤラララ/YARARARA」を短くしてみた。#ヤラララ #YARARARA #ボカロ #重音テト  #shorts #shortsfeed #shortsvideo,DfRat6LHwRI,1386506,PT1M,60,True,2026-10-04 03:47:18
42,【SynthV】 &#39;ヤラララ&#39; (YARARARA) feat. Yi Xi Cover,Sm5xpNz6Dcc,1314813,PT2M27S,147,False,2026-10-04 03:47:18
43,「ヤラララ」囮になるテト #ネタ動画,avS1pXj_BuI,1306691,PT11S,11,True,2026-10-04 03:47:18
44,【1人13役】ヤラララ歌ってみた #声真似 #ヤラララ #yararara #歌ってみた #重音テト #VOCALOID #おすすめ #fyp #shorts #anime #鬼滅の刃 #ヒロアカ,CbC8stAsaXc,1247787,PT33S,33,True,2026-10-04 03:47:18
45,ヤラララ ミラーＶｅｒ．【リクエスト：ﾊﾞﾂ印 さん】#ヤラララ #vocaloid #shorts,qn_h15bH4Dw,1140525,PT37S,37,True,2026-10-04 03:47:18
46,「ヤラララ」4人で再現してみたw #ハモりたがーる #rabbitcat #ハモり,nm-8K0U9bFE,1112947,PT17S,17,True,2026-10-04 03:47:18
47,ヤラララに可愛い奴いた #yararara #重音テト #ボカロ,DAVYBu8qtE4,1094466,PT8S,8,True,2026-10-04 03:47:18
48,ヤラララ (YARARARA)┃Raon cover,vDPnyWke9jY,1060599,PT2M37S,157,False,2026-10-04 03:47:18
49,【undertale】undertale × &quot;ヤラララ&quot;YARARARA　#undertale #meme #shorts,rKQLoaVoEMc,1044133,PT17S,17,True,2026-10-04 03:47:18
50,『ヤラララ』の考察&amp;小ネタ7選！,F1RdQxPTzfE,1040282,PT34S,34,True,2026-10-04 03:47:18
51,「ヤラララ」同じ曲なのに全然違う3バージョン｜重音テト,u6uAonyG2KY,1033833,PT16S,16,True,2026-10-04 03:47:18
52,ちゃんと偉かったヤラララ #yararara #重音テト #ボカロ,bPiYnsFGtQQ,1020624,PT12S,12,True,2026-10-04 03:47:18
53,【Fan MV】&#39;야라라라&#39; (YARARARA) | 바게트 ver.,d-wMcyqCI2Y,1016929,PT1M5S,65,False,2026-10-04 03:47:18
54,無一郎くんVer &#39;ヤラララ&#39; (YARARARA)#鬼滅の刃 #ねんどろいど #コマ撮り #禰豆子 #炭治郎 #胡蝶しのぶ  #時透無一郎 #甘露寺蜜璃 #堕姫,6gultDLgB1k,971374,PT15S,15,True,2026-10-04 03:47:18
55,ヤラララ┊︎YARARARA┊︎#音ノ乃のの #ヤラララ #ABM #yararara #shorts #animation,jMvKh4I22nM,948967,PT31S,31,True,2026-10-04 03:47:18
56,汚い言葉が言えないヤラララ #yararara #重音テト #ボカロ,RO04FBLvOHk,937374,PT9S,9,True,2026-10-04 03:47:18
57,ヤラララ、良すぎる #佐佐咲キキ #イラスト #重音テト,GjgSDLNHCBs,917635,PT27S,27,True,2026-10-04 03:47:18
58,【アニメ】&#39;ヤラララ&#39; (YARARARA)#ミリプロ #anime,tliVYISRN14,890011,PT16S,16,True,2026-10-04 03:47:18
59,視聴者が苦手なものを破壊するヤラララwwww #shorts,xkjRzvQ78Bk,879382,PT15S,15,True,2026-10-04 03:47:18
60,リズム天国で『ヤラララ YARARARA』,Tupa7EF8MIE,859474,PT2M46S,166,False,2026-10-04 03:47:18
61,【替え歌】ヤラララ ネッ友を絶望させた話#shorts #歌ってみた #替え歌 #ヤラララ,h9f5JVValXI,836461,PT31S,31,True,2026-10-04 03:47:18
62,もしジャックスがピアノが上手かったら #yararara #重音テト #digitalcircus,JCs0OWUEtVw,804993,PT27S,27,True,2026-10-04 03:47:18
63,ヤラララ描いてみた #イラスト #イラストメイキング #ヤラララ#重音テト,sVf8yoxtvbw,794768,PT31S,31,True,2026-10-04 03:47:18
64,ヤラララmeme💥#東方project  #animationmeme #illustration #おすすめ #ヤラララ #イラスト #art #touhou,vuvmK4Ojcp4,782784,PT16S,16,True,2026-10-04 03:47:18
65,YARARARA (ヤラララ) | Kasane Teto × Akita Neru feat. 4 UTAUs | UTAU Cover,JPb8_laqimY,767539,PT2M59S,179,False,2026-10-04 03:47:18
66,ヤラララ(YARARARA) IN TSB? | music by AnythingBecomeMoe,1DFEjf9iS4E,767174,PT11S,11,True,2026-10-04 03:47:18
67,親友に『ヤラララ』で歌詞ドッキリ→反応が面白すぎたww,eNme9FkkZmU,748979,PT48S,48,True,2026-10-04 03:47:18
68,【替え歌】ヤラララ 親父が乱入してきた話#shorts #歌ってみた #替え歌 #ヤラララ,3UeLfxi9bNw,718830,PT31S,31,True,2026-10-04 03:47:18
69,YARARARA × La Campanella,t_sryJZBImU,692175,PT3M11S,191,False,2026-10-04 03:47:18
70,ヤラララ（YARARARA）/AnythingBecomeMoe重音テトSV cover,BhELeTHjwYc,688367,PT25S,25,True,2026-10-04 03:47:18
71,ABM - &#39;ヤラララ&#39; (YARARARA) feat. 重音テト 8bit Game ver.,-lgftupgjCo,654278,PT1M26S,86,False,2026-10-04 03:47:18
72,『ヤラララ/ABM』を死に物狂いで歌ってみた。【虹色侍 ずま】YARARARA,y23XGCj88qg,612266,PT2M28S,148,False,2026-10-04 03:47:18
73,【Kasane Teto SV2/重音テト】YARARARA/ヤラララ but it&#39;s my turn【SynthV2カバー】(Test short ver),hTBL_BFBSt8,602977,PT1M20S,80,False,2026-10-04 03:47:18
74,[КАВЕР] YARARARA [ &#39;ヤラララ&#39; ] на Русском | VOCALOID Kasane Teto на русском |,R3UJzHTukgU,598824,PT2M51S,171,False,2026-10-04 03:47:18
75,「ヤラララ」人造テト開発の初期段階 #ネタ動画,Qzmh8Zx61EM,598734,PT11S,11,True,2026-10-04 03:47:18
76,ヤラララ Remix Ｖｅｒ．(サビ同時再生Ｖｅｒ．)#ヤラララ #Vocaloid #shorts,0cIA6SOkEzw,594652,PT36S,36,True,2026-10-04 03:47:18
77,【替え歌】ヤラララ アンチコメに対抗した話#shorts #歌ってみた #替え歌 #ヤラララ,z246UFGkBWk,591800,PT31S,31,True,2026-10-04 03:47:18
78,「ヤラララ」何も起こらなかった世界 #ネタ動画,ylc4nJQF6BA,581216,PT13S,13,True,2026-10-04 03:47:18
79,ちびちゃんで！#ヤラララ #重音テト  #初音ミク #イラスト  #animation  #shorts,aHPH27h0YMY,568252,PT20S,20,True,2026-10-04 03:47:18
80,ヤラララ (YARARARA | 야라라라) - Minecraft NoteBlock Cover,5jby1e1tcIU,550852,PT2M40S,160,False,2026-10-04 03:47:18
81,やばい　#ヤラララ #重音テト #ネタ #かわいい #ボカロ #yararara #abm,NKmRwfh6pxU,536230,PT12S,12,True,2026-10-04 03:47:18
82,ヤラララとか歌うわけ...,8Dcc1YCtChc,527182,PT51S,51,True,2026-10-04 03:47:18
83,【ヤラララ】 #重音テト #ちいかわ #chiikawa #うさぎ #yararara,pRdrA299q_8,527002,PT16S,16,True,2026-10-04 03:47:18
84,ヤラララ【YARARARA】 ‖ Friday Night Funkin&#39;,uq8lJNWkH-8,525498,PT2M37S,157,False,2026-10-04 03:47:18
85,🫑アメﾁｮﾀﾞｲ...【ヤラララ】MOKKE OF THE DEADで描いてみた。※ご本家様を参考に描かせていただきました。#ヤラララ #地縛少年花子くん #tbhk #animation,PZ88uKotObs,519073,PT17S,17,True,2026-10-04 03:47:18
86,Luffy X YARARARA #alightmotion #onepiece,fYbeVGf5LYU,504306,PT16S,16,True,2026-10-04 03:47:18
87,ABM - ヤラララ (YARARARA) feat. 重音テト 創作譜面【TaikoPlusEX】,JZfzROi0Npc,503789,PT3M22S,202,False,2026-10-04 03:47:18
88,目標を超えて、さらにその先へ【ヤラララ】,jE5R_ePcblQ,498617,PT17S,17,True,2026-10-04 03:47:18
89,【替え歌】ヤラララ 親父に見捨てられた話#shorts #歌ってみた #替え歌 #ヤラララ,6315pEaLM-0,487472,PT31S,31,True,2026-10-04 03:47:18
90,ヤラララ 🇯🇵🇩🇪🇬🇧#countryhumans #カントリーヒューマンズ #meme #アニメーション,yuW22sC5Q94,472938,PT16S,16,True,2026-10-04 03:47:18
91,&#39;ヤラララ&#39; (YARARARA)【歌ってみた】ツバサ【EL6】,95ll0sbjulc,472046,PT34S,34,True,2026-10-04 03:47:18
92,千里眼を持つという友よ #ヤラララ #shorts,X1y_0xT36Xk,463718,PT34S,34,True,2026-10-04 03:47:18
93,【重音テト】ボカロみたいに歌いたい奴！「ヤラララ (YARARARA)／ABM」#shorts,hoXoHGypR4o,456388,PT25S,25,True,2026-10-04 03:47:18
94,ヤラララ -Cover- 成人男性三人組,Grjdw4QgGsY,455904,PT2M33S,153,False,2026-10-04 03:47:18
95,『ヤラララ』歌ってみた【夕霧レイ/ミリプロ】,gF8i41QH1xc,455311,PT33S,33,True,2026-10-04 03:47:18
96,ヤラララ [YARARARA] sung by different Vocaloid/synthv/utau characters #vocaloid #hatsunemiku #teto,C-TLFBDy1II,441550,PT32S,32,True,2026-10-04 03:47:18
97,뭐든지모에화(ABM) - ヤラララ 조교합작 #utau #重音テト,0MbdJoP-ONM,439725,PT1M1S,61,False,2026-10-04 03:47:18
98,家族でヤラララ描いてみた #家族 #イラストメイキング #重音テト,09EZjOXhh70,422831,PT1M1S,61,False,2026-10-04 03:47:18
99,【ヤラララ】アカペラで歌ってみた！！100万再生サビが超えたから他のパートもとったよー！【おともん】【ゆーり×まちこりーた×いをくん】,c8LpLUL22JY,414794,PT51S,51,True,2026-10-04 03:47:18
100,「ヤラララ」トモコレの世界だったら #ネタ動画,mx1FEATct0Y,408034,PT13S,13,True,2026-10-04 03:47:18
101,【Mii cover】&#39;ヤラララ&#39; (YARARARA) (full ver.)// Miiに歌ってもらった【&#39;ミイイイ&#39; (MIIIII)】,a43jSYtsWDc,407097,PT2M33S,153,False,2026-10-04 03:47:18
102,あなたは1再生を。#ヤラララ,IzNv268T0N8,403406,PT53S,53,True,2026-10-04 03:47:18
103,👊ヤラララ covered by司賀りこ　#shorts #にじさんじ,ngxpQTFBs2E,402286,PT32S,32,True,2026-10-04 03:47:18
104,ヤラララ (YARARARA) / Cover - Haruto,iGHhzBFtJHc,392870,PT2M34S,154,False,2026-10-04 03:47:18
105,ヤラララ #cover #ABM #歌ってみた,3alIgdp1HEw,383921,PT35S,35,True,2026-10-04 03:47:18
106,[YARARARAヤラララ] ABM | Cover Español - LordM,E3vYKHBt9Eg,378290,PT2M32S,152,False,2026-10-04 03:47:18
107,【替え歌】ヤラララ 歌ってみた編#shorts #歌ってみた #替え歌 #ヤラララ,PjrISO01nv0,377382,PT31S,31,True,2026-10-04 03:47:18
108,ヤラララの合唱作ってみた!!＃ボカロ＃重音テト＃初音ミク＃ヤラララ,bbuuX-nnLPY,359201,PT2M31S,151,False,2026-10-04 03:47:18
109,YARARARA [ &#39;ヤラララ&#39; ] кавер на русском от @Tanri3,4qxIDCChfps,358191,PT3M12S,192,False,2026-10-04 03:47:18
110,強い #ヤラララ #重音テト #ネタ　#ABM #yararara,MRgQ1B21Vns,354889,PT5S,5,True,2026-10-04 03:47:18
111,ヤラララ,Z7lg7Y3VABA,344602,PT2M28S,148,False,2026-10-04 03:47:18
112,未来を変えるヤラララ#ボカロ #ヤラララ #重音テト #ネタ #ネタ動画,zA77HvfH7vU,336752,PT31S,31,True,2026-10-04 03:47:18
113,『ヤラララ』の以心伝心歌ってみたをアカペラにしたら綺麗すぎた... #ヤラララ #el6,eu-6j2OXXz0,331593,PT17S,17,True,2026-10-04 03:47:18
114,九ちゃんで#ヤラララ 👻💥💥💥#アマタ#ミツメ#イラスト#碧川ヲソレ #shorts,GFpsN4JAnYI,326625,PT16S,16,True,2026-10-04 03:47:18
115,人が現れる度に少しずつ加速する『ヤラララ』→1.7倍からスタート、最初からカオスw,dQ7p2k6Dj6k,318642,PT36S,36,True,2026-10-04 03:47:18
116,【&#39;ヤラララ&#39; (YARARARA)】最後覚醒してワラタタ【#多声類】,3SslS76LAIQ,309510,PT32S,32,True,2026-10-04 03:47:18
117,「ヤラララ」をアカペラで歌わされるやつww【YARARARA／ショートコント】 #アニメ #あるある #shorts,Hnu2-zDonuw,303656,PT17S,17,True,2026-10-04 03:47:18
118,【G&amp;B JACOBLOID】 ヤラララ/YARARARA 【UTAUカバー】,-AhG1VKu7pc,300131,PT2M28S,148,False,2026-10-04 03:47:18
119,【Full有】ヤラララ(Yararara) 歌ってみた【ver.ココル原人】　　　　　#ヤラララ #yararara #歌ってみた,_JV8UWgvUg8,292998,PT33S,33,True,2026-10-04 03:47:18
120,Yararara meme【country humans】,PMmf25DuFZg,292114,PT21S,21,True,2026-10-04 03:47:18
121,야라라라 (YARARARA) - 즌다몬 [ COVER ],hNL7pP9WTFQ,283625,PT2M35S,155,False,2026-10-04 03:47:18
122,&quot;YARARARA&quot; ヤラララ (Cover en Español) - AkaiM,PndUvS6sVGY,281763,PT2M37S,157,False,2026-10-04 03:47:18
123,【 #vtuber 】7色地声天使が一人二役で #ヤラララ 歌うとこうなる 【 #多声類 】#重音テト,wZ8u3ys8Gpk,270215,PT35S,35,True,2026-10-04 03:47:18
124,ROBLOX × ヤラララでハッカーをなぎ倒してみた #ロブロックス #roblox #自作編集 #shorts,iHZuQlUGz78,268365,PT16S,16,True,2026-10-04 03:47:18
125,「ヤラララ」を初見で歌わされるやつww【YARARARA／ショートコント】 #アニメ #あるある #shorts,Ocp1VOtAaJo,264058,PT21S,21,True,2026-10-04 03:47:18
126,【合わせてみた】色んな歌い手さんの『ヤラララ』合わせてみた#ヤラララ#いれいす#シクフォニ#騎士x#合わせてみた#歌ってみた#歌い手#stpr  #voising,N8gr7-_hAms,251073,PT18S,18,True,2026-10-04 03:47:18
127,チョレギサラダ好き #ヤラララ,7DNqI93PilE,246871,PT10S,10,True,2026-10-04 03:47:18
128,​&#39;ヤラララ&#39; YARARARA feat. 初音ミク (Hatsune Miku) ーCovered by 猫又れまの＠taremano,OrRTERxVWxI,241780,PT2M28S,148,False,2026-10-04 03:47:18
129,“耳だけで生きてる”俺が「 #ヤラララ 」うろ覚えで歌ってみたwwwww #替え歌  #空耳 #shorts,xoY1VWI-I4w,239927,PT20S,20,True,2026-10-04 03:47:18
130,凄すぎるww 「ヤラララ」#ハモりたがーる #rabbitcat #ヤラララ,QEtWkDxQO18,237448,PT17S,17,True,2026-10-04 03:47:18
131,ヤラララ(야라라라 | YARARARA) 【kagamine rin &amp; len V4X】 【VOCALOID Cover】,Mt5ON_MlAUA,233130,PT2M28S,148,False,2026-10-04 03:47:18
132,『アクマバライ』 ヤラララの重音テト ver. #ヤラララ #アクマバライ #重音テト #meme #vocaloid #ボカロ,FmkOQ6jw6J8,231700,PT11S,11,True,2026-10-04 03:47:18
133,ABM - &#39;야라라라&#39; (YARARARA) #ヤラララ #야라라라,WOqMKvNJaxs,231297,PT31S,31,True,2026-10-04 03:47:18
134,ヤラララ (YARARARA) x 次元通信 (Signaling)【MASHUP】 #マッシュアップ,qOvRqxMZC4M,231008,PT30S,30,True,2026-10-04 03:47:18
135,リズムに合わせてヤラララ！　#マイクラ #さわだファミリー #ヤラララ,h5snSW0JGqk,225243,PT16S,16,True,2026-10-04 03:47:18
136,ヤラララ #イラスト #アナログ #創作 #illustration #オリキャラ #shorts #short,_j7-_5ElyJM,206644,PT16S,16,True,2026-10-04 03:47:18
137,【ホラー×歌ってみた】異変を探せ！『ヤラララ』歌ってみた... #ヤラララ #el6,_Xa9FZuedqg,199883,PT17S,17,True,2026-10-04 03:47:18
138,短気すぎるヤラララ#ボカロ #重音テト #ヤラララ #ネタ #ネタ動画,sg4jFN59ioo,196310,PT23S,23,True,2026-10-04 03:47:18
139,AnythingBecomeMoeさんの「ヤラララ」考察コメントまとめ！千里眼を持つという友よ,G-RopwyJnsk,194878,PT8M14S,494,False,2026-10-04 03:47:18
140,『ヤラララ』のクローンに関する小ネタ&amp;考察,TUZH0-WPNNs,193679,PT32S,32,True,2026-10-04 03:47:18
141,【R.E.P.O.】で『ヤラララ』を合唱したらテンション爆上がりした... #ヤラララ #repo #el6,jNBVyLSg10w,191900,PT27S,27,True,2026-10-04 03:47:18
142,【ヤラララ】アカペラで今流行りのヤラララを歌ってみた結果。【おともん】【ゆーり×まちこりーた×いをくん】,XFmXKe6hrSg,191359,PT33S,33,True,2026-10-04 03:47:18
143,親友に『ヤラララ』で歌詞ドッキリ→センス良すぎww,F0MCmns_pLs,190285,PT35S,35,True,2026-10-04 03:47:18
144,【歌詞ドッキリ】友達にヤラララで歌詞ドッキリしたら預言者現れたんだがｗｗｗｗ【LINE】【TikTok】【ABM】【重音テト】,Ij2aNP2tFnI,189849,PT2M1S,121,False,2026-10-04 03:47:18
145,ヤラララ (YARARARA) / 初音ミク・重音テト #重音テト #初音ミク #ヤラララ #ボカロ #teto,vXgo3ChW0kQ,178675,PT17S,17,True,2026-10-04 03:47:18
146,【祝TikTok 100万再生】&#39;ヤラララ&#39; (YARARARA) cover. 【しゃけみー/歌ってみた/クレノア】#shorts #ヤラララ,StHQoJxGPYk,174208,PT33S,33,True,2026-10-04 03:47:18
147,🪐ヤラララ(YARARARA)🎶,UYOuACPdTx0,172347,PT17S,17,True,2026-10-04 03:47:18
148,ヤラララ (YARARARA) Pixel Art in Minecraft🎨✨,7EjbvjFiQgg,172030,PT24S,24,True,2026-10-04 03:47:18
149,【旧国注意】中国さんでヤラララ,XylKHgvaikI,170767,PT40S,40,True,2026-10-04 03:47:18
150,発声練習でヤラララ歌ってみたしてたら盗撮されてたwww #アカペラ　#生歌　#歌ってみた　#ヤラララ,03rD80qSqfs,167643,PT19S,19,True,2026-10-04 03:47:18
151,【 らお 】ヤラララ【 歌ってみた 】,zVPrv9JXgeA,162312,PT2M33S,153,False,2026-10-04 03:47:18
152,🧟🏏「#ヤラララ(YARARARA)/ABM」歌ってみた #新人vtuber #shorts,oy85RIylwaU,159358,PT32S,32,True,2026-10-04 03:47:18
153,ヤラララ(YARARARA)を我が家のVOCALOIDたちに歌ってもらいました,SJ0zCMqAVC0,155326,PT16S,16,True,2026-10-04 03:47:18
154,【 #vtuber 】一緒に歌って！ #ヤラララ ハモリチャレンジ高音編 【 #多声類 】#重音テト,n9TYAztO7d4,153864,PT39S,39,True,2026-10-04 03:47:18
155,일본인이 한국어로 불러보는 &#39;ヤラララ&#39; (야라라)🏏⚾️,ryNETX1TTmk,153387,PT18S,18,True,2026-10-04 03:47:18
156,뭐라 지껄이는 거야  #야라라라 #ABM  #ヤラララ #YARARARA,JxKasNbV-q8,152574,PT17S,17,True,2026-10-04 03:47:18
157,ヤラララ 重音テト＆＆初音ミク Yararara — Kasane Teto &amp; Hatsune Miku,Bd3w-Jm5eQM,152364,PT2M46S,166,False,2026-10-04 03:47:18
158,【ヤラララ】短くしてみた！#ヤラララ#自作編集 #チャンネル登録よろしくお願いします,-OldRdnKZPo,141501,PT55S,55,True,2026-10-04 03:47:18
159,【UTAUカバー】ヤラララ | 亞北ネル,nGvG88vuMYI,139026,PT2M28S,148,False,2026-10-04 03:47:18
160,ヤラララ作ってみた！(スプランキーバージョン),YRzBaJIAc_o,136171,PT16S,16,True,2026-10-04 03:47:18
161,4オクターブで歌ってみた”ヤラララ”【#多声類】,XZcedmwA2Ic,133706,PT33S,33,True,2026-10-04 03:47:18
162,【ヤラララ/ABM】3人のヤラララに全部私をまぜてみた #歌ってみた #ヤラララ #yararara #シルエット声優 #tiktok #shorts @io_Oniku10 @0906yu_rin,ogdUUNOCJUY,126807,PT17S,17,True,2026-10-04 03:47:18
163,だんだん声が増えてく #ヤラララ 4人で重ねて歌ってみたら… #などすた #新人歌い手グループ #歌ってみた #shorts,H858LWL7bBY,122441,PT24S,24,True,2026-10-04 03:47:18
164,【初音ミク】ヤラララ【MARETU STYLE】,SkZaD24Z74c,121524,PT2M27S,147,False,2026-10-04 03:47:18
165,100曲ボカロ絵チャレンジ17！ヤラララ/AnythingBecomeMoe #イラスト #イラストメイキング #重音テト #vocaloid #illustration,3tx5bEDieA0,115310,PT33S,33,True,2026-10-04 03:47:18
166,【替え歌】反対の意味で歌うヤラララ【重音テト】,BrH7A61kCgM,113321,PT1M17S,77,False,2026-10-04 03:47:18
167,8살이 싸이코드 하루토님을 그렸다고?!🧡하루토님 제발 와주세요🧡Yararara,Uhz51soQZBk,112816,PT53S,53,True,2026-10-04 03:47:18
168,ヤラララ -Cover- 成人男性三人組 #shorts,GpNYaCemGK0,111405,PT32S,32,True,2026-10-04 03:47:18
169,『ヤラララ/ABM』を死に物狂いで歌ってみた。【虹色侍 ずま】YARARARA,y_6_6pt24Dw,109934,PT33S,33,True,2026-10-04 03:47:18
170,야라라라 풀버전 ヤラララ #무이치로 #귀멸의칼날 ,GLE6nVyefj8,104771,PT2M32S,152,False,2026-10-04 03:47:18
171,【合わせてみた】色んな歌い手さんの『ヤラララ』合わせてみた#シクフォニ#騎士x#とぅるりぷ#すにすて#歌い手#合わせてみた#ヤラララ#abm,vMPEwVDmVNc,102887,PT17S,17,True,2026-10-04 03:47:18
172,【 #vtuber 】一緒に歌って！ #ヤラララ ハモリチャレンジ低音編 【 #多声類 】#重音テト,py4qnQav6LE,98877,PT39S,39,True,2026-10-04 03:47:18
173,『ら』でキーが上がるヤラララ！？ #新人歌い手グループ #歌ってみた #ヤラララ,MZ6d4wreTvY,98305,PT21S,21,True,2026-10-04 03:47:18
174,【高すぎる】新人歌い手8人に『ラ』と言う度にキーが上がる「ヤラララ」を歌わせてみた結果wwwwwwww【新人歌い手グループ】,uCYxayb2LkY,96045,PT1M24S,84,False,2026-10-04 03:47:18
175,ヤラララ/YARARARA 踊ってみた【アナタシア】,4E6X2aSo5Vo,93628,PT2M36S,156,False,2026-10-04 03:47:18
176,【替え歌】『アラララ///』（腐女子にしかわからない『ヤラララ』）【歌ってみた】【アオトくん】,BG5YKpewb_c,92023,PT2M27S,147,False,2026-10-04 03:47:18
177,YARARARA / Cover (GreenyPika × Razul),CvWOYyX7dYQ,89990,PT2M34S,154,False,2026-10-04 03:47:18
178,初音ミクV6が&#39;ヤラララ&#39; (YARARARA)をちょっとだけうたってみたよ！ #初音ミク #vocaloid #hatsunemiku #ボカロ #ヤラララ #yararara #cover,k1q8nrag4zo,88479,PT17S,17,True,2026-10-04 03:47:18
179,YARARARA - ABM 🎹 Keyboard Courses 1,n0wXilMGrCE,87473,PT29S,29,True,2026-10-04 03:47:18
180,【ヤラララ ( YARARARA )】誰の声が好き？🎀 #新人vtuber,JRk7gGUj8Ls,85792,PT16S,16,True,2026-10-04 03:47:18
181,&#39;ヤラララ&#39; (YARARARA) 【帰国子女が歌ってみた】【いれいす】 #ヤラララ #歌ってみた #yararara,fSjlpZpWAv0,84232,PT33S,33,True,2026-10-04 03:47:18
182,【ヤラララ】お箏で少しだけ弾いてみた！,OI8cUA5fzr0,83902,PT17S,17,True,2026-10-04 03:47:18
183,【喉がw】歌い手に激苦お茶飲ませて歌わせたらヤバすぎたwww #shorts #新人歌い手グループ #まぐりば #歌ってみた #おすすめ #tiktok #game #yararara #ヤラララ,QWIFpEilTcs,82687,PT19S,19,True,2026-10-04 03:47:18
184,(MAD)地縛少年花子くん✖️ヤラララ,Rsm7qR-SI5w,81357,PT2M32S,152,False,2026-10-04 03:47:18
185,【ヤラララ】を53秒にしてみた！#ボカロ#ヤラララ#カット#重音テト#忙しい人のための #忙しい人向け,CcohSWZYWa8,81238,PT53S,53,True,2026-10-04 03:47:18
186,【声真似】1人で10役‼️色んな声でヤラララを歌ってみた🎤💥💥💥,NBiDirv_dok,79942,PT39S,39,True,2026-10-04 03:47:18
187,ヤラララ続き #イラスト #meme #カントリーヒューマンズ #カンヒュ #ヤラララ#アライトモーション#アニメーション,w7L2TcKa-OM,78279,PT35S,35,True,2026-10-04 03:47:18
188,ヤラララ × いますぐ輪廻 マッシュアップＶｅｒ．#ヤラララ #いますぐ輪廻 #vocaloid #shorts,aOOyYP8SQ5Q,74536,PT23S,23,True,2026-10-04 03:47:18
189,ヤラララ（YARARARA）歌ってみた【まよい】#cover #新人vtuber,6JHTqMseQDo,73181,PT32S,32,True,2026-10-04 03:47:18
190,【シクフォニ】 いるらんのヤラララ 合わせてみた【切り抜き】 #シクフォニ #シクフォニ切り抜き  #ヤラララ #いるま #LAN  #ABM #AnythingBecomeMoe #shorts,MzvgYUSa8S8,72098,PT32S,32,True,2026-10-04 03:47:18
191,&#39;ヤラララ&#39; (YARARARA) フランVer【SynthesizerV】,RlnHCI3qZj0,70355,PT32S,32,True,2026-10-04 03:47:18
192,&#39;ヤラララ&#39; (YARARARA) - ABM feat. Kasane Teto (Cover Español) | Homulilly,NJQi_38HZlw,69370,PT2M46S,166,False,2026-10-04 03:47:18
193,🎶Friday Night Funkin&#39; | ヤラララ【ABM - &#39;YARARARA&#39; 】feat.boyfriend/重音テト🎤 #shorts,SyjSge5MZZQ,68382,PT39S,39,True,2026-10-04 03:47:18
194,【 #vtuber 】7色地声天使が本気出して #ヤラララ 歌うとこうなる 【 #多声類 】#重音テト,8U4AvS5y_e4,68224,PT32S,32,True,2026-10-04 03:47:18
195,ヤラララが吉田沙保里 #ボカロ #ヤラララ #重音テト,sslr5V63XbM,62502,PT9S,9,True,2026-10-04 03:47:18
196,【第7弾･後編】親友に『ヤラララ』で歌詞ドッキリ→センス良すぎww,dfxl33MER0g,61792,PT39S,39,True,2026-10-04 03:47:18
197,【自作アプリで演奏してみた】 ヤラララ /  AnythingBecomeMoe #カラフルメロディ,HKGbkc5ygi0,61673,PT18S,18,True,2026-10-04 03:47:18
198,１分で聞けるヤラララ#ボカロ #ヤラララ,Ful_K9eGHGY,61364,PT59S,59,True,2026-10-04 03:47:18
199,ヤラララ -ABM- 合わせてみた#ヤラララ#abm#voising#いれいす#ブラフラ#歌ってみた#合わせてみた#歌い手#歌い手グループ,BDcMzEJ6iNI,60896,PT33S,33,True,2026-10-04 03:47:18
200,YARARARA - ABM 🎹 Keyboard Courses 2,Z3zW6-wSzAw,60498,PT29S,29,True,2026-10-04 03:47:18
201,2026最速千萬V家曲！ ABM〈ヤラララ〉解析 ｜在絕望的末日下，你願意為了達成目標拚盡全力嗎？解讀歌曲的故事及背後的隱喻。【V家歌曲解析】,bUp0bL7m6nE,60044,PT12M41S,761,False,2026-10-04 03:47:18
202,[야라라라] 역재생 // ヤラララ(YARARARA),lkVgHm7C0gg,59975,PT2M36S,156,False,2026-10-04 03:47:18
203,【手書き鳴潮】ダーニャと二ヴォラ(人形)のヤラララ #shorts #鳴潮 #wutheringwaves #wuwa #ダーニャ #denia #yararara #ヤラララ,9X7_Bxc01Y8,57588,PT16S,16,True,2026-10-04 03:47:18
204,【張り叫んで】『ヤラララ』アカペラで歌ってみた #ヤラララ #ボカロ #YARARARA #ABM,LY_FfhqXI3k,54550,PT28S,28,True,2026-10-04 03:47:18
205,&#39;ヤラララ&#39; (YARARARA) 東方Ver【SynthesizerV】,ZNykxioKuqc,53741,PT17S,17,True,2026-10-04 03:47:18
206,ヤラララ (YARARARA)/すたぽら【歌ってみた】,FJXQ0qNbkDk,52002,PT2M38S,158,False,2026-10-04 03:47:18
207,ヤラララ / YARARARA (Chiptune ver.),82N-XPyuvHo,51572,PT2M37S,157,False,2026-10-04 03:47:18
208,ヤラララ✖︎スプランキー 重音テトだー！,X4YfupAso8U,50960,PT3M47S,227,False,2026-10-04 03:47:18
209,ヤラララ | Japan version | countryballs,Dk3drQNoJ6Y,50691,PT2M35S,155,False,2026-10-04 03:47:18
210,バックルームの世界に迷い込んだヤラララテト [ヤラララ × バックルーム]  #shorts,DWu-A6cVhPA,50337,PT14S,14,True,2026-10-04 03:47:18
211,ロブロでヤラララ簡単に作れます！#ロブロックス #roblox #shorts,GzNHsn-THhc,48996,PT23S,23,True,2026-10-04 03:47:18
212,YARARARA ヤラララ animation meme,Y2dvMcode4I,48449,PT17S,17,True,2026-10-04 03:47:18
213,[ ADOFAI Collab ] ABM - &#39;ヤラララ&#39; (YARARARA) feat. 重音テト / By YOON &amp; Bingsu,r98zB0a9RDE,48001,PT2M43S,163,False,2026-10-04 03:47:18
214,ヤラララ (YARARARA)を同棲系歌い手グループで歌ってみた #shorts,KgWJ9ILfCnI,47292,PT18S,18,True,2026-10-04 03:47:18
215,スプランキー✖ヤラララ,lTDZGFMCqCs,46682,PT16S,16,True,2026-10-04 03:47:18
216,ヤラララ(YARARARA) - ABM｜covered by MaiR【ザスター】#야라라라,20u499Qd8sc,45157,PT2M29S,149,False,2026-10-04 03:47:18
217,&#39;ヤラララ&#39; 歌ってみた【ココル原人】      #ヤラララ #YARARARA #야라라라,78ZyLdGBnx4,44189,PT32S,32,True,2026-10-04 03:47:18
218,高音×低音＝音圧マシマシ #ヤラララ,n-UiFcPcZRw,43198,PT23S,23,True,2026-10-04 03:47:18
219,ヤラララ#左手界隈 #ダンス#アート#ヤラララ #yararara  #AnythingBecomeMoe,DhNBc_ULERs,42872,PT16S,16,True,2026-10-04 03:47:18
220,YARARARA / ヤラララ x Friday Night Funkin&#39;,Q-ElsEMheic,42390,PT27S,27,True,2026-10-04 03:47:18
221,【激バズ中】『ヤラララ』歌ってみた #ヤラララ #バズれ #shorts,gaH67YAvqvc,41355,PT17S,17,True,2026-10-04 03:47:18
222,【合わせてみた】色んな歌い手さんの『ヤラララ』合わせてみた#クレノア#el6#すにすて#すたぽら#歌い手#歌ってみた#合わせてみた#西乃いなり,BAaf32BjyZs,40972,PT16S,16,True,2026-10-04 03:47:18
223,【歌ってみた】ヤラララ【お冷や】#ヤラララ #yararara #ABM #歌い手 #cover,fYGxX21Mx1Y,40563,PT34S,34,True,2026-10-04 03:47:18
224,【張り叫んで】『ヤラララ』高いけど頑張って歌ってみた #ヤラララ #ボカロ #YARARARA #ABM  #shorts,9k9PXG-rooc,40506,PT28S,28,True,2026-10-04 03:47:18
225,ヤラララ (YARARARA) Cover,XuLtH1JIrVA,39480,PT2M35S,155,False,2026-10-04 03:47:18
226,ヤラララ　モノクロV e r.,4BFv4kjI4Xc,37851,PT40S,40,True,2026-10-04 03:47:18
227,ヤラララに出てくる千里眼とセイレーンの意味！？【１分ボカロ歌詞考察】#ボカロ #ヤラララ #考察 #歌詞考察 #重音テト,RgTCW69lb0s,37583,PT58S,58,True,2026-10-04 03:47:18
228,#ヤラララ #重音テト #kasaneteto #重音テトsv #vocaloid #ボカロ #utau #ABM #yararara #踊ってみた #dance #ダンス #animation,vrz5mdwVflU,36846,PT8S,8,True,2026-10-04 03:47:18
229,&#39;ヤラララ&#39; (YARARARA) 千里眼を持つ友よ【SynthesizerV】,WA7xnTDso3U,36515,PT16S,16,True,2026-10-04 03:47:18
230,⚠️ちいかわ映画ネタバレ注意⚠️ヤラララちいかわver　#shorts #ヤラララ #アナログイラスト,unO-rGHWlhI,36321,PT16S,16,True,2026-10-04 03:47:18
231,YARARARA but Every Turn a Different Character Sings (FNF ヤラララ) - [UTAU Cover],bmYmFGBrpFE,35028,PT2M37S,157,False,2026-10-04 03:47:18
232,ヤラララ歌ってみた1番パート！フルはリンクから。 #ヤラララ #歌ってみた #ボカロ #AnythingBecomeMoe,nN68L_W1ZL0,34987,PT31S,31,True,2026-10-04 03:47:18
233,ヤラララYARARARA  miku Ver. #初音ミク #hatsunemiku #miku #ボーカロイド #vocaloid #ボカロ #ヤラララ #アニメーション #アニメ,JhBESdtLu1g,34610,PT17S,17,True,2026-10-04 03:47:18
234,【ばうしゆ】ヤラララをアカペラにしてみると...【アカペラ】,W4DzXSG1geQ,31600,PT41S,41,True,2026-10-04 03:47:18
235,【歌ってみた】ヤラララ (YARARARA) - ABM / 重音テト Cover 🥖 #shorts #歌ってみた,QQnvODb0D-I,30924,PT16S,16,True,2026-10-04 03:47:18
236,【1時間耐久】ABM ヤラララ feat.重音テト,daiOFcq70KY,30265,PT1H32S,3632,False,2026-10-04 03:47:18
237,"[한국어노래방] 야라라라 | ヤラララ, YARARARA - 뭐든지모에화 ABM ◜에이세이 JPOP◞",tJCS75HbH88,30147,PT2M37S,157,False,2026-10-04 03:47:18
238,ヤラララ (Instrumental),OrRX7Tpe8c0,28742,PT2M28S,148,False,2026-10-04 03:47:18
239,ヤラララ (YARARARA) | Xpotato Bouncing Square,S5pwF9qDcvE,28339,PT11S,11,True,2026-10-04 03:47:18
240,ヤラララ歌ってみた #いれいす #ヤラララ,Qq3zzyQj4_o,27546,PT33S,33,True,2026-10-04 03:47:18
241,学生ポムニバージョンのヤラララ描いてみた！ #つっしーの筆,2qlyRFNOR8s,26972,PT23S,23,True,2026-10-04 03:47:18
242,ヤラララ (YARARARA) | KAITO SP &amp; Kagamine Len SP Cover,iZz4mqRci2g,26066,PT2M26S,146,False,2026-10-04 03:47:18
243,【Full Ｖｅｒ．】ヤラララ × いますぐ輪廻 マッシュアップ ,Rhy-G-m1Dtg,25134,PT2M18S,138,False,2026-10-04 03:47:18
244,야라라라/ヤラララ/YARARARA #animation #vocaloid,prNI-4ZqRJo,24542,PT16S,16,True,2026-10-04 03:47:18
245,ヤラララ / ニャンヤオチュー 歌ってみた #shorts,eEKUoeaHhzc,24522,PT31S,31,True,2026-10-04 03:47:18
246,【⚠️Flash Warning】ABM - &#39;ヤラララ&#39;  FA I love this song so much #FA #vocaloid #ABM #ヤラララ #YARARARA #teto,XNTBzWzeZO8,23660,PT12S,12,True,2026-10-04 03:47:18
247,元野球歴7年女子の『ヤラララ / 重音テト』 #踊ってみた #dance #重音テト #ヤラララ 野球歴とはいいつつ野球4年、ソフト3年、秋田選抜でした⚾️⚾️,kB2p_pPV_Uk,23394,PT17S,17,True,2026-10-04 03:47:18
248,【MV】ヤラララ/AnythingBecomeMoe Coverd - 葉山翠【歌ってみた】,-ADAxr9bCfs,23206,PT2M28S,148,False,2026-10-04 03:47:18
249,【音域の化け物が】ヤラララ (YARARARA) 歌ってみた【こったろ】,Fb7UZGvqODo,22969,PT2M31S,151,False,2026-10-04 03:47:18
250,역대급 타격감 &#39;야라라라 (ヤラララ)&#39; 마우치.Ver,u48S4kP6G7w,22912,PT33S,33,True,2026-10-04 03:47:18
251,ヤラララ×ぼかろころしあむ【マッシュアップ】,uuXgKOiOrlc,22519,PT3M8S,188,False,2026-10-04 03:47:18
252,【 Cover 】ABM  - ヤラララ (YARARARA) feat. 重音テト,xRHV1CtH3Gk,21579,PT32S,32,True,2026-10-04 03:47:18
253,【TAB譜】ヤラララ (YARARARA) feat. 重音テト / ABM  ギターカバー Guitar Cover 【アレンジ】,H4fs53ClmRg,21300,PT2M46S,166,False,2026-10-04 03:47:18
254,『ヤラララ』歌ってみた #新人歌い手グループ #歌ってみた #ヤラララ,k7CuMMyJ8BA,20764,PT36S,36,True,2026-10-04 03:47:18
255,【ヤラララ】(YARARARA)ABM/LiLY 歌ってみた #yararara #ヤラララ #shorts,GGjpS5G-aDM,20417,PT31S,31,True,2026-10-04 03:47:18
256,ヤラララ#重音テト #illustration #イラスト #イラストメイキング #ヤラララ #おすすめにのりたい,hUB6emZmhb0,19886,PT31S,31,True,2026-10-04 03:47:18
257,ヤラララ / 歌ってみた by ふたりはメリーバッドエンド,cQUghoL-JZA,19593,PT2M37S,157,False,2026-10-04 03:47:18
258,【声真似】ヤラララをたくさんのキャラクターの声で歌ってみた🏏🧟‍♀️💥💥💥,radwYnpBTyE,19269,PT38S,38,True,2026-10-04 03:47:18
259,Rock Vsingerが「ヤラララ / ABM」本気で歌ってみた！【宙月ティラ】,qMMlJx8RcLI,18980,PT26S,26,True,2026-10-04 03:47:18
260,【MASHUP】キラララ ／ 展示中毒 × ヤラララ (Displayholic × YARARARA),R515YscAtFA,18822,PT3M47S,227,False,2026-10-04 03:47:18
261,【歌ってみた】ヤラララ(YARARARA)【お冷や】#ヤラララ #yararara #abm #歌ってみた #cover,qkYL4YY_4Vo,18781,PT19S,19,True,2026-10-04 03:47:18
262,【歌ってみた】ヤラララ (YARARARA)【お冷や】,FZzFAmWvdjw,18602,PT2M37S,157,False,2026-10-04 03:47:18
263,ヤラララ (男性Vo.Ver.) / エビモエ【和楽器ロック】,myzYUZ7QkII,18137,PT2M27S,147,False,2026-10-04 03:47:18
264,踊れる歌い手がヤラララ歌いました☺︎ #歌い手 #ヤラララ #新人歌い手グループ #歌ってみた,fcFTAsl2Z4Q,17627,PT34S,34,True,2026-10-04 03:47:18
265,ヤラララ(YARARARA) - Violin Cover,Atrwo_ck42c,15607,PT35S,35,True,2026-10-04 03:47:18
266,【ヤラララ/YARARARA】 #歌ってみた #vライバー #vtuber  #shorts,0EHzHO8Vl9w,15188,PT35S,35,True,2026-10-04 03:47:18
267,親友に『ヤラララ』で歌詞ドッキリ→反応がトゲトゲしてるw,-Dkk82pOSkI,14479,PT35S,35,True,2026-10-04 03:47:18
268,ヤラララ　歌ってみた 【 r 】,7xCIxpVQXZ8,14322,PT2M37S,157,False,2026-10-04 03:47:18
269,【マッシュアップ】展示中毒 × ヤラララ #マッシュアップ #展示中毒 #ヤラララ #vocaloid,pbDYTnw37xQ,14302,PT18S,18,True,2026-10-04 03:47:18
270,【手描き】ヤラララ,xTpzzV_lzbc,14087,PT16S,16,True,2026-10-04 03:47:18
271,ウェンダでヤラララ#スプランキー #ヤラララ #手描き #うごメモ #ウェンダ #流行りの曲,nM88p0omiMY,13588,PT54S,54,True,2026-10-04 03:47:18
272,ヤラララ / cover 【ふぉるて × xea】,qI6hx8DsZKw,13570,PT33S,33,True,2026-10-04 03:47:18
273,ABM - &#39;ヤラララ&#39; (YARARARA) vocal only ver. #ヤラララ #cover #歌い手 #歌ってみた #fyp,SPpDjGm1ygM,13193,PT17S,17,True,2026-10-04 03:47:18
274,【hololive MMD】ヤラララ YARARARA /重音テト #兎田ぺこら #宝鐘マリン #shorts,olBG_oEIAqM,12829,PT44S,44,True,2026-10-04 03:47:18
275,【4オクターブ】だんだん低くなる『ヤラララ/AnythingBecomeMoe様』歌ってみました…‼︎ #shorts,G7kkggqasTE,12457,PT20S,20,True,2026-10-04 03:47:18
276,【実写公開】次バズるのはこの曲⁉️ #ヤラララ #歌ってみた #cover #新人歌い手,lpZ_75t7Nb8,10159,PT22S,22,True,2026-10-04 03:47:18
277,ヤラララ(YARARARA) ft.重音テトUTAU,kapX5n-qHIA,10053,PT2M28S,148,False,2026-10-04 03:47:18
278,【ちゃんたけ】ヤラララ【歌ってみた】,CIsl8qzw9p4,9487,PT2M37S,157,False,2026-10-04 03:47:18
279,制作：約23時間🫠 #カントリーヒューマンズ #カンヒュ #ヤラララ,DH5zfkYL6Mo,9157,PT17S,17,True,2026-10-04 03:47:18
280,攻撃力MAXのトランペット！「ヤラララ」トランペットで演奏してみた,YjxYoAvrTdA,8600,PT2M35S,155,False,2026-10-04 03:47:18
281,マイクラの音でヤラララ/YARARARA【音MAD/マイクラアニメ】,Xh9-k81lmcw,7987,PT2M37S,157,False,2026-10-04 03:47:18
282,ヤラララ(YARARARA) / ABM【歌ってみた】【くのじ🤣 】,2RHh_XIGLNY,7839,PT34S,34,True,2026-10-04 03:47:18
283,[Yararara /ヤラララ-kasane teto][creditos:a zein_hiwaroshipor crear el video yo solo lo subi a YouTube],d-os3NnSfxA,7649,PT2M4S,124,False,2026-10-04 03:47:18
284,どうしても描きたかった！！#イラスト #ヤラララ #重音テト,BW9Ouew6D94,7530,PT26S,26,True,2026-10-04 03:47:18
285,ヤラララ / ABM #ヤラララ #俺なりに歌ってみた #歌ってみた #cover,zPlg8Z-gF0A,7276,PT33S,33,True,2026-10-04 03:47:18
286,大バズりしてる #ヤラララ 好評だったので続きも歌いました #歌ってみた #cover #新人歌い手 #shorts,NydtL-9RNfo,7174,PT8S,8,True,2026-10-04 03:47:18
287,マイクラ音ブロックで『ヤラララ』 #マイクラ #マインクラフト #音ブロック,PmRRZRRmpdE,7122,PT34S,34,True,2026-10-04 03:47:18
288,【&#39;ヤラララ&#39;（YARARARA）】ミイイイ MIIIII #mii #トモコレ #YARARARA #ヤラララ,_GXtamPYqvY,7120,PT16S,16,True,2026-10-04 03:47:18
289,『#ヤラララ』曲パロ #幽凪こなた ,7h6LM1kbMAo,6822,PT40S,40,True,2026-10-04 03:47:18
290,【Full V e r.】 ヤラララ✖️MEGALOVANIA マッシュアップ,ztFpXJtvVKg,6671,PT2M37S,157,False,2026-10-04 03:47:18
291,Yararara Has Been Through The Trenches #memes #vocaloid #fyp #yararara,fFO7fM_evaU,6652,PT25S,25,True,2026-10-04 03:47:18
292,いろんな天体吹っ飛ばしてみた #ヤラララ,-oFhPgNqEgM,6471,PT14S,14,True,2026-10-04 03:47:18
293,【替え歌】ヤラララ～ユナイトあるあるVER～,_QaMl6AIbkM,6133,PT2M30S,150,False,2026-10-04 03:47:18
294,ヤラララ(YARARARA)を合成音声たちに歌ってもらった #ヤラララ,1Wp-WT8S2_I,5763,PT17S,17,True,2026-10-04 03:47:18
295,✦ Vocaloid [RUS] - YARARARA (ヤラララ) Kasane Teto &amp; AnythingBecomeMoe | Ran Hime,bo2_96_OlA8,5564,PT3M,180,False,2026-10-04 03:47:18
296,考察用　ヤラララ,3V-4Vx5MIWw,5523,PT31S,31,True,2026-10-04 03:47:18
297,ウェンダでヤラララ(フル画面)#スプランキー #ヤラララ #手描き #うごメモ #ウェンダ #流行りの曲,SswLeoobXTo,5393,PT1M,60,True,2026-10-04 03:47:18
298,ヤラララ強さ比べ #地理系を救おう #地理系みんなで団結しよう #バズれ #ヤラララ #ボカロ,p6exa0zY-zo,5033,PT17S,17,True,2026-10-04 03:47:18
299,ヤラララ / cover 蛇火 #cover #shorts #yararara,qjowQEHeIv8,4928,PT32S,32,True,2026-10-04 03:47:18
300,友達に歌詞どっきりしてみた…w #歌詞ドッキリ #ヤラララ#ボカロ#重音テト,4QCUgxuG15s,4852,PT17S,17,True,2026-10-04 03:47:18
301,&quot;ヤラララ&quot; by AnythingBecomeMoe. #yarara #teto #kasaneteto,-KBI9y3ri-c,4846,PT29S,29,True,2026-10-04 03:47:18
302,｢ヤラララ｣#ヤラララ #oc #fypシ #イラスト #自作編集 #alightmotion #animation #originalcharacter #gachaclub #gachanox,b94o09NOzMY,4722,PT25S,25,True,2026-10-04 03:47:18
303,【ヤラララ】無料ボカロアプリでカバー！！ #ボカロ #ヤラララ #エビモエ #知声 #歌わせてみた #yararara #カバー,X0Z2LZyPr2k,3892,PT16S,16,True,2026-10-04 03:47:18
304,ヤラララ / ガチャクラブ 【ガチャクラブ】  #shorts  #short  #memes,AACJuEGwES8,3854,PT17S,17,True,2026-10-04 03:47:18
305,🎶Friday Night Funkin&#39; | ヤラララ【ABM - &#39;YARARARA&#39; 】feat.boyfriend/重音テト🎤,ikb6XJ-lh_A,3645,PT2M57S,177,False,2026-10-04 03:47:18
306,ヤラララ(YARARARA) - れべ【歌ってみた】,sLxxPYh1iDE,3497,PT2M38S,158,False,2026-10-04 03:47:18
307,【超本気】新人歌い手が『ヤラララ』を本気で歌った結果がヤバすぎたwwwww #まぐりば #歌ってみた #新人歌い手グループ #ヤラララ,kiW2CioDn2Q,3462,PT17S,17,True,2026-10-04 03:47:18
308,ABM - YARARARA [Piano],xFrxMRh12sw,3402,PT2M39S,159,False,2026-10-04 03:47:18
309,『ヤラララ(YARARARA)』歌ってみた #ヤラララ #yararara #歌ってみた,OcD67rnuXL4,3395,PT18S,18,True,2026-10-04 03:47:18
310,[重低音強化]   ABM - ヤラララ (YARARARA)   feat.重音テト   [バスブースト],iursfH0IC4k,3359,PT2M33S,153,False,2026-10-04 03:47:18
311,【高校生歌い手が】ヤラララ（YARARARA）を色々な声で歌ってみた【多声類】 #歌ってみた #歌ってみた #ヤラララ #yararara,1U0O1X1wY7Q,3302,PT16S,16,True,2026-10-04 03:47:18
312,【 #トロンボーン 】 #ヤラララ サビ② #重音テト / #エビモエ 二重奏で #演奏してみた #重音テト #trombone #shorts #short #trend #cover,RwCNI8yK77M,3263,PT18S,18,True,2026-10-04 03:47:18
313,ヤラララ(YARARARA) / ABM【歌ってみた】 #ヤラララ #abm #歌ってみた #歌い手 #低音 #short #shorts,p-t7F2kJs7Q,3172,PT33S,33,True,2026-10-04 03:47:18
314,【替え歌】ヤラララ　スプラあるあるver.　【スプラトゥーン３】,tBTuNkCuytU,2950,PT1M13S,73,False,2026-10-04 03:47:18
315,ヤラララ　2P Sky #sprunki #animationmeme ,8BTCk5yLayc,2893,PT21S,21,True,2026-10-04 03:47:18
316,【以心伝心で】｢ヤラララ｣を歌ってみた結果www 【新人Vtuber】#ヤラララ #新人歌い手グループ #歌ってみた,9sy6k6KTJyw,2750,PT32S,32,True,2026-10-04 03:47:18
317,ヤラララcover #歌ってみた #つかさし #ヤラララ #重音テト,hMOv262RIx0,2696,PT33S,33,True,2026-10-04 03:47:18
318,【実写】ヤラララ歌ってみた,gLYlTEERIjE,2687,PT16S,16,True,2026-10-04 03:47:18
319,(UTAU) 銃で画面が割れた世界線　#重音テト #shorts #ヤラララ #高木P,lOJ34AJpw2E,2687,PT15S,15,True,2026-10-04 03:47:18
320,ヤラララ(YARARARA)をマリメで演奏してみた#shorts,1QS3o5tNsyQ,2613,PT21S,21,True,2026-10-04 03:47:18
321,ヤラララ ※トレス使用 #イラスト #ヤラララ #重音テト #トレス #中一 #曲 #音ズレ #下手注意 #テンプレ使用 #oc,oBAWfpA3728,2590,PT17S,17,True,2026-10-04 03:47:18
322,【手描きMV】’ヤラララ’(YARARARA) - ABM feat.重音テト【amahebi × BIOHAZARD requiem】#バイオハザード#バイオハザードレクイエム,qfGVcqZ7XZU,2393,PT17S,17,True,2026-10-04 03:47:18
323,YARARARA #viral #roblox #memes,pXKFJiavSOg,2256,PT15S,15,True,2026-10-04 03:47:18
324,【超高音】だんだんキーが上がるヤラララ歌ってみた！【わたけ】#Shorts #歌ってみた #cover,cD59MeSqBvc,2197,PT41S,41,True,2026-10-04 03:47:18
325,【ヤラララ】こったんの歌ってみたとすたぽらの歌ってみた比べてみた！【こったろ】【すたぽら】 #すたぽら切り抜き #すたぽら #こったろ #ヤラララ#shorts,de7ZoZzXBko,2153,PT1M3S,63,False,2026-10-04 03:47:18
326,【マッシュアップ】ヤラララ×ぼかろころしあむ,x1RUlKpFBeY,2099,PT2M29S,149,False,2026-10-04 03:47:18
327,ヤラララ日帝 #カントリーヒューマンズ #countryhumans #カンヒュ #イラスト #アナログ #ヤラララ,hHRb3l2vyDI,2092,PT16S,16,True,2026-10-04 03:47:18
328,ヤラララ（YARARARA）低音で歌ってみた #しるてぃー #cover #ABM #低音ボイス #ヤラララ,J6ycTil-7JI,2085,PT35S,35,True,2026-10-04 03:47:18
329,『#ヤラララ』曲パロ #幽凪こなた,QlJQ7uN32DU,2049,PT40S,40,True,2026-10-04 03:47:18
330,касане тето #shorts #yararara #kasaneteto,xvOZw8PwqxI,2031,PT11S,11,True,2026-10-04 03:47:18
331,【舌回らん😂】IRIS OUT-米津玄師／ヤラララ／もちもた #shorts,AD5k8OQ4HTQ,1805,PT17S,17,True,2026-10-04 03:47:18
332,今流行ってるらしいヤラララを原キーで歌いました #ヤラララ #yararara #歌ってみた #cover #高音系男子 #男が歌う #原キー,VIy1J2dHN08,1797,PT19S,19,True,2026-10-04 03:47:18
333,【歌ってみた】ヤラララ/ABM様【アカペラ】,5VoJviKvs-0,1626,PT18S,18,True,2026-10-04 03:47:18
334,清楚系ですがヤラララ歌ってみました#vsinger #歌ってみた #新人vtuber,BhoSr6GL4a0,1604,PT33S,33,True,2026-10-04 03:47:18
335,【アカペラ】’ヤラララ’（YARARARA)歌ってみた  最近体調崩してて全然投稿できませんでした#ヤラララ #アカペラ #新人歌い手 #歌ってみた,iWZuUx5NzZo,1566,PT23S,23,True,2026-10-04 03:47:18
336,【Sonolus】/ ヤラララ(YARARARA) 【MASTER 29】/Project sekai Fanmade /Chart By: Salada,mW9CxafnXMc,1548,PT2M36S,156,False,2026-10-04 03:47:18
337,ヤラララ / ABM - zeu (cover),l9DLckLlMQA,1531,PT36S,36,True,2026-10-04 03:47:18
338,[Yi Xi] &#39;ヤラララ&#39; (YARARARA) [SynthV Cover],umB7HQ6Po5g,1526,PT2M37S,157,False,2026-10-04 03:47:18
339,もう一歩先へ  / ヤラララ‐ ABM #shorts #歌ってみた,4CMEVi-yog0,1492,PT32S,32,True,2026-10-04 03:47:18
340,&#39;ヤラララ&#39; (YARARARA) feat. Yogatari Tobari Cover #neutrino #yogataritobari #ヤラララ #vocaloid,BSNOmMxz-xo,1486,PT40S,40,True,2026-10-04 03:47:18
341,[重低音強化] ヤラララ,rJjaFCjhwuc,1485,PT2M38S,158,False,2026-10-04 03:47:18
342,男性アイドルVが「ヤラララ」歌ってみた！ #shorts #vtuber #歌ってみた #新人vtuber #ヤラララ,GvgQDtdLUME,1459,PT34S,34,True,2026-10-04 03:47:18
343,야라라라(YARARARA) 김덕배 커버,Rg4c660w2Eg,1421,PT27S,27,True,2026-10-04 03:47:18
344,【中低音女子が歌う】ヤラララ/ののの【 #歌ってみた】 #cover #ヤラララ,VwUggFDcl8I,1374,PT27S,27,True,2026-10-04 03:47:18
345,【原神MAD】ヤラララ　※ネタバレ注意,QJ5C0sfjLk0,1372,PT33S,33,True,2026-10-04 03:47:18
346,【セミ供養】ヤラララ／雪宮エマ #shorts #歌ってみた,mfc_I0XL-RI,1349,PT36S,36,True,2026-10-04 03:47:18
347,ヤラララです、、、、音源間違えたら伸びるの何,3xIfQAWdplk,1345,PT22S,22,True,2026-10-04 03:47:18
348,不知不覺就開始哼「ヤラララ」了...重音Teto  #shorts #vocaloid,z_7WnBYWTuI,1343,PT16S,16,True,2026-10-04 03:47:18
349,ヤラララで音ハメ！ #にゃんこ大戦争 #音ハメ#ヤラララ,GGg-VhC-v0s,1334,PT17S,17,True,2026-10-04 03:47:18
350,【MEIKO V3】ヤラララ【VOCALOID Cover】,BuKiSAGxcjs,1304,PT2M28S,148,False,2026-10-04 03:47:18
351,マイクラの音でヤラララ再現してみた！ #マイクラ　#shorts,GCCzPWKEKk0,1289,PT35S,35,True,2026-10-04 03:47:18
352,&#39;ヤラララ&#39; (YARARARA) feat. 重音テト 🔺Motion UP!,KrjPcR_-U_4,1265,PT24S,24,True,2026-10-04 03:47:18
353,ドライブしながら「ヤラララ」ハモってみた #つかさし #いいおと #ヤラララ,T-w1Usgw1M4,1259,PT22S,22,True,2026-10-04 03:47:18
354,&#39;ヤラララ&#39; (YARARARA) feat. 重音テト(ABM) / covered by きゅーたん【歌ってみた】#ヤラララ,8d8GdWOWr3I,1257,PT32S,32,True,2026-10-04 03:47:18
355,ヤラララ(YARARARA) / ABM　【紬 音夢】,dwLECGb2KN4,1231,PT33S,33,True,2026-10-04 03:47:18
356,一人5役！笑毎日投稿【36日目】！ヤラララ歌ってみた！#yararara  #ヤラララ #歌ってみた  #毎日投稿,E-1_k4xTKo4,1230,PT35S,35,True,2026-10-04 03:47:18
357,Beatblock YARARARA,to3LOAgkQeE,1219,PT1M15S,75,False,2026-10-04 03:47:18
358,ヤラララ (By:ABM) UTTVM|WOD,VzPyf8oJEb0,1212,PT19S,19,True,2026-10-04 03:47:18
359,#ヤラララ #歌ってみた,8m2FQfi5GdU,1184,PT33S,33,True,2026-10-04 03:47:18
360,【ヤラララ？】ドーパミン中毒へ #capcut #東方 #東方project #博麗霊夢 #霊夢 #ヤラララ #shorts,HLJVDYLmPek,1176,PT36S,36,True,2026-10-04 03:47:18
361,ABM - 《ヤラララ》 #furry #oc  #animation #手書き #獸人,gxZ_0Pkorms,1142,PT18S,18,True,2026-10-04 03:47:18
362,#ヤラララ を #アカペラ で #歌ってみた #ABM #shorts,tMfXUaVuyNI,1135,PT34S,34,True,2026-10-04 03:47:18
363,「ヤラララ」をReiアレンジ｜ララララ - NEØN DIVA #shorts,Cyop4KylQ_Q,1133,PT19S,19,True,2026-10-04 03:47:18
364,#yararara,T03yLYbv270,1112,PT36S,36,True,2026-10-04 03:47:18
365,ABMさんの『ヤラララ』を原キーで歌いました。,qM1tj-mjf7s,1093,PT32S,32,True,2026-10-04 03:47:18
366,ヤラララ / YARARARA 歌ってみた by ???,moDWMHnaiF8,1051,PT34S,34,True,2026-10-04 03:47:18
367,【吹奏楽アレンジ】ヤラララ | AnythingBecomeMoe【エビモエ】,CBFhLUeH0Cw,1032,PT2M27S,147,False,2026-10-04 03:47:18
368,一歩ずつゆっくり、着実に。そして……【ヤラララ】【超低音】,-1FcztaHz-4,1003,PT32S,32,True,2026-10-04 03:47:18
369,ヤラララ歌ってみた,RaLT7G8ubEg,987,PT17S,17,True,2026-10-04 03:47:18
370,Day 30 of Yararara glaze! Got a bit derailed for day 29 but we’re back on track! #Teto #yararara,CnCJrks2dNM,964,PT7S,7,True,2026-10-04 03:47:18
371,【ピアノアレンジ】ヤラララ/ABM,TfykHXOgwUs,962,PT2M30S,150,False,2026-10-04 03:47:18
372,ヤラララ♪,PYzAdzKcyUs,949,PT30S,30,True,2026-10-04 03:47:18
373,「ヤラララ」AnythingBecomeMoe feat. 重音テト MMDで踊ってみた！ #ヤラララ #重音テト #ボカロ,FbrBY2OHLjw,947,PT18S,18,True,2026-10-04 03:47:18
374,【16歳】ヤラララ 歌ってみた #特訓中 #歌ってみた #ヤラララ【アカペラ】,9I9pTnNnbA0,945,PT33S,33,True,2026-10-04 03:47:18
375,【考察用】ヤラララ,6g6HhKTJrPQ,934,PT3M13S,193,False,2026-10-04 03:47:18
376,バットでゾンビ(フレンド)を倒そう！#ロブロックス#roblox #ヤラララ,Pbog9TzMCTA,930,PT19S,19,True,2026-10-04 03:47:18
377,【歌ってみた】ヤラララ/AnythingBecomeMoe歌ってみた！ #歌ってみた #カバー #新人歌い手 #学生歌い手 #ヤラララ #cover #shorts #yararara,0q7TvUdNe3g,901,PT33S,33,True,2026-10-04 03:47:18
378,ABM - 『ヤラララ』 (YARARARA) feat. Kasane Teto 【Cover by MUKEU 】#yararara #ヤラララ #kasaneteto,SjbgaYAGjqc,830,PT36S,36,True,2026-10-04 03:47:18
379,ヤラララ歌ってみた #歌ってみた #pppp #ボカロ曲歌ってみた,NX9brEHNhMM,827,PT32S,32,True,2026-10-04 03:47:18
380,ヤラララ - Kasane Teto,GIqpzMJc8r4,809,PT2M33S,153,False,2026-10-04 03:47:18
381,ヤラララ #歌ってみた #アカペラ,PkSjViagOog,798,PT33S,33,True,2026-10-04 03:47:18
382,暇なんで『ヤラララ』歌いました。今日はイケボが出ないﾃﾞｲです。,H3OEyzOPCpM,793,PT34S,34,True,2026-10-04 03:47:18
383,【唄音ウタ】ABM-ヤラララ　デフォ子cover,fGHOijIz9Zo,784,PT2M27S,147,False,2026-10-04 03:47:18
384,【超低音】ヤラララ 歌ってみた @氷蘭りん,rA6N7vwXrnI,715,PT1M19S,79,False,2026-10-04 03:47:18
385,女子高生が【ヤラララ】歌ってみた / おみつ,XBiCf2QPyUs,714,PT2M36S,156,False,2026-10-04 03:47:18
386,♪ヤラララ／音ハメキル集,Qtl5mrUhxwM,650,PT2M26S,146,False,2026-10-04 03:47:18
387,[OC]  한 방에 끝내자! &#39;야라라라&#39; (YARARARA) | #야라라라 #ヤラララ,lHZJw_abYBY,616,PT17S,17,True,2026-10-04 03:47:18
388,&#39;ヤラララ&#39; (YARARARA) Cover feat. Otomachi Una / 音街ウナ #音街ウナ #vocaloid #shorts,hmMwK4nmaiU,548,PT17S,17,True,2026-10-04 03:47:18
389,ヤラララ | YARARARA | 야라라라 - Roblox Piano Cover (로블록스 피아노 커버) #pianocover #midi,TdsOcyHO5TY,536,PT2M35S,155,False,2026-10-04 03:47:18
390,my silly ass oc 🥹 #kasaneteto #alightmotion #yararara #ヤラララ #oc,pZuYGi2ew5k,456,PT13S,13,True,2026-10-04 03:47:18
391,ヤラララ #イラスト #ポーランドボール #countryballs #人気になりたい #歌詞動画,ebELe8URq5w,409,PT16S,16,True,2026-10-04 03:47:18
392,YARARARA/ヤラララ(Kitazawa yui),od8QcxWjUFs,349,PT18S,18,True,2026-10-04 03:47:18
393,ヤラララ / ABM covered by ペス,tn8FwAn03n0,275,PT2M37S,157,False,2026-10-04 03:47:18
394,야라라라(ヤラララ) | Kiyoshi Cover,H3dX1SSgUo0,262,PT1M18S,78,False,2026-10-04 03:47:18
395,YARARARA - О чём песня? Разбираем перевод (ヤラララ) #shorts #vocaloid #utau #yararara,NZv97sW31Og,260,PT11S,11,True,2026-10-04 03:47:18
396,はげにん先生でヤラララ,lbHOwPUZaaA,225,PT30S,30,True,2026-10-04 03:47:18
397,ヤラララ×ダイダイダイダイダイキライ【マッシュアップ】,k65y8eKaK5s,210,PT2M33S,153,False,2026-10-04 03:47:18
398,ヤラララの、かなめくんかっこよくね～？♡ #ばずれ #てんぷれお借りしました,OA7AfxMMfK0,209,PT15S,15,True,2026-10-04 03:47:18
399,【Momone Momo】 ヤラララ (YARARARA) 【Cover by Uinelu】,u-eOaTqyIsI,201,PT2M29S,149,False,2026-10-04 03:47:18
400,【手描きにじさんじ】ヤラララ【葉加瀬冬雪FA動画】,rIjFXzCY8Vw,121,PT1M15S,75,False,2026-10-04 03:47:18
401,ヤラララ-AnythingBecomeMoe/Cover.有難朱生【歌ってみた/リクエスト】,5FDHJZZLWDI,112,PT2M37S,157,False,2026-10-04 03:47:18
402,ヤラララ #まったりさん #筋肉 #雰囲気 #テンプレートお借りしました #ヤラララ,CsBRK3JwH6k,109,PT17S,17,True,2026-10-04 03:47:18
403,ヤラララ Cover / もやくん,-yBru793J7Q,102,PT2M38S,158,False,2026-10-04 03:47:18
404,"Day 27 of Yararara glaze, went off track again ;( #Teto #yararara",YxEfqoXMCu8,74,PT5S,5,True,2026-10-04 03:47:18
405,『ヤラララ / YARARARA 』アレンジCover - フェザー【歌ってみた】,3HOr2S7sSNI,63,PT2M29S,149,False,2026-10-04 03:47:18
406,ヤラララ歌ってみた！！フルは下から！！#ヤラララ #anythingbecomemoe #歌ってみた #新人歌い手,E4bYLGPjeek,61,PT33S,33,True,2026-10-04 03:47:18
407,ヤラララ　【賭けチャンスカバー】+DL,9fBaxuGM-NQ,45,PT2M40S,160,False,2026-10-04 03:47:18
408,※ヤラララ、アニメーション,1RMOcWqbsRA,40,PT17S,17,True,2026-10-04 03:47:18
409,야라라라 (ヤラララ / YARARARA) - Cover MANI,5nC-gdGZM8I,32,PT2M37S,157,False,2026-10-04 03:47:18
410,【第五人格MAD】 ヤラララ （YARARARA）,7u39VX2xhc0,32,PT2M23S,143,False,2026-10-04 03:47:18
411,ヤラララ - Kasane Teto &amp; AnythingBecomeMoe | Cover By Jerry Cho x Anya Cho,QT9-0JYKhnA,18,PT2M33S,153,False,2026-10-04 03:47:18
412,ヤラララで原口叩いてみたw,qt1cXcPNSZY,18,PT26S,26,True,2026-10-04 03:47:18
413,ヤラララ,CQJoyDrKl6U,15,PT16S,16,True,2026-10-04 03:47:18
414,ヤラララ歌ってみた！上手かったらチャンネル登録、いいね、コメントよろしくお願いします！#ヤラララ #歌ってみた #チャンネル登録お願いします #ばずれ #下手注意 ##アカペラ,6574pRsRMKk,14,PT20S,20,True,2026-10-04 03:47:18
415,ヤラララ,6u-Gfz1yIVw,11,PT25S,25,True,2026-10-04 03:47:18
416,ヤラララ  [ 愛うる北真音 ]   /   utau  𝗰𝗼𝘃𝗲𝗿 [  𝗔𝗶𝘂𝗿𝘂 𝗞𝗶𝘁𝗮𝗺𝗮𝗻𝗲 ]  [ Aiuru Kitamane ]  UTAUloid,a2kBTB431Wc,10,PT2M37S,157,False,2026-10-04 03:47:18
417,세이렌의목소리에홀려버렸는가야라라라ABMヤラララYARARARA,znNEtd4d7bE,9,PT17S,17,True,2026-10-04 03:47:18
418,ヤラララ(Yararara) But it’s a Roblox 2009 song,TRP5nxqF9b4,9,PT2M36S,156,False,2026-10-04 03:47:18
419,ヤラララ | YARARARA | 야라라라 - Roblox Piano Cover (로블록스 피아노 커버),eg4DUR5I9J0,8,PT2M34S,154,False,2026-10-04 03:47:18
420,Yararara | ヤラララ feat. 重音テト cover by Evan KnightVN,Tenco-jN1OQ,8,PT2M35S,155,False,2026-10-04 03:47:18
421,ヤラララYARARARA,PHbqp0EqcWg,7,PT32S,32,True,2026-10-04 03:47:18
422,『ヤラララ』をTTちゃんたちと誰か先生がハモってくれました【ナースロボ＿タイプＴ・Dr.誰か】【UTAUカバー】#yararara #utau #utauカバー #vocaloid  #shorts,v2jWKlOs5OI,6,PT56S,56,True,2026-10-04 03:47:18
423,ヤラララ,hqhK_KVC_Bc,5,PT2M22S,142,False,2026-10-04 03:47:18
424,[adofai]ヤラララ(feat. 重音テト),vOBC0wNUza0,3,PT2M36S,156,False,2026-10-04 03:47:18
425,ヤラララ#ヤラララ #おにぎり様は神すぎるぅ #なんかいいことないかな,vTtsgyejsrw,3,PT32S,32,True,2026-10-04 03:47:18
426,[MV] ABM - ヤラララ (YARARARA) feat. 重音テトeblan ROBLOX ANIMATION,kuA6DQwqlNY,2,PT32S,32,True,2026-10-04 03:47:18
427,ヤラララ歌ってみた！,z--HUtQtb1Q,2,PT2M30S,150,False,2026-10-04 03:47:18
428,ヤラララ MV Renewal | ヒューマンバグ大学,8dIywT1tlE0,1,PT1M,60,True,2026-10-04 03:47:18
429,yararara by teto with my friends◇♤ #musicvideo #robloxanimation #teto #yararara,vdJNwGCUlaY,1,PT31S,31,True,2026-10-04 03:47:18
430,【新人COVER】 ヤラララ　【库劳利Crowleey】,zO3JvLozulA,0,PT2M33S,153,False,2026-10-04 03:47:18
431,アレンジmegalvania×ヤラララYARARARAヤラララyarararaアンダーテールサンズボーカロイド,OuseVbRCuOQ,0,PT22S,22,True,2026-10-04 03:47:18
